{
  "refs": {
    "random": 18.78,
    "greedy_nearest": 4.57,
    "online_dqn_1M": 6.76
  },
  "per_training_seed": {
    "0": {
      "bc": {
        "cost_per_order": 22.468257116067246,
        "success_rate": 0.49527068526805307,
        "ontime_rate": 0.9190052017056236,
        "mean_delivery_time": 36.328086977876005,
        "energy_per_order": 0.2974994083897044,
        "depletion_events": 6.0,
        "idle_pct": 0.06936085172330149,
        "charger_utilization": 0.09564993281873828,
        "n_delivered": 58.333333333333336,
        "n_dropped": 59.333333333333336,
        "episode_return": -362.6820000000001
      },
      "naive": {
        "cost_per_order": 17.440443733003118,
        "success_rate": 0.4725447909754479,
        "ontime_rate": 0.8924509518259519,
        "mean_delivery_time": 37.304105963480964,
        "energy_per_order": 0.31974103292541606,
        "depletion_events": 0.3333333333333333,
        "idle_pct": 0.1376426766551659,
        "charger_utilization": 0.23202537595828196,
        "n_delivered": 65.0,
        "n_dropped": 72.66666666666667,
        "episode_return": -196.9476666666668
      },
      "cql": {
        "cost_per_order": 8.41903393782726,
        "success_rate": 0.6800427649542738,
        "ontime_rate": 0.7934886994501014,
        "mean_delivery_time": 43.18362982476913,
        "energy_per_order": 0.3036745139053507,
        "depletion_events": 1.3333333333333333,
        "idle_pct": 0.037921381744889564,
        "charger_utilization": 0.15439455887359121,
        "n_delivered": 93.66666666666667,
        "n_dropped": 44.0,
        "episode_return": 535.2483333333333
      }
    },
    "1": {
      "bc": {
        "cost_per_order": 19.51549160783837,
        "success_rate": 0.5069280605175449,
        "ontime_rate": 0.846910499837715,
        "mean_delivery_time": 39.396591001298276,
        "energy_per_order": 0.28247675876339196,
        "depletion_events": 5.666666666666667,
        "idle_pct": 0.055159015017899715,
        "charger_utilization": 0.11420227162635908,
        "n_delivered": 69.33333333333333,
        "n_dropped": 67.66666666666667,
        "episode_return": -339.9030000000001
      },
      "naive": {
        "cost_per_order": 10.800627173913059,
        "success_rate": 0.6069031166222589,
        "ontime_rate": 0.8467391304347825,
        "mean_delivery_time": 40.31195652173913,
        "energy_per_order": 0.3117865942029141,
        "depletion_events": 1.0,
        "idle_pct": 0.05814684694911484,
        "charger_utilization": 0.18831440808761857,
        "n_delivered": 84.0,
        "n_dropped": 54.333333333333336,
        "episode_return": 290.80266666666665
      },
      "cql": {
        "cost_per_order": 7.0278563710499675,
        "success_rate": 0.716671872864393,
        "ontime_rate": 0.8450020986988068,
        "mean_delivery_time": 41.40292018948252,
        "energy_per_order": 0.30221626791391154,
        "depletion_events": 1.0,
        "idle_pct": 0.035457253731498835,
        "charger_utilization": 0.15781847036643462,
        "n_delivered": 98.66666666666667,
        "n_dropped": 38.666666666666664,
        "episode_return": 728.7433333333335
      }
    },
    "2": {
      "bc": {
        "cost_per_order": 13.377462191192274,
        "success_rate": 0.6237132210124419,
        "ontime_rate": 0.8965628356605801,
        "mean_delivery_time": 36.891836734693875,
        "energy_per_order": 0.28880125313283916,
        "depletion_events": 4.333333333333333,
        "idle_pct": 0.06424502617937057,
        "charger_utilization": 0.11709357487523205,
        "n_delivered": 80.66666666666667,
        "n_dropped": 46.0,
        "episode_return": 227.92400000000006
      },
      "naive": {
        "cost_per_order": 13.633853509107645,
        "success_rate": 0.5319913970677329,
        "ontime_rate": 0.8765870378203449,
        "mean_delivery_time": 39.641060889882574,
        "energy_per_order": 0.3158760885182847,
        "depletion_events": 0.0,
        "idle_pct": 0.10822786913816468,
        "charger_utilization": 0.22224813525288603,
        "n_delivered": 73.66666666666667,
        "n_dropped": 64.66666666666667,
        "episode_return": 57.39366666666661
      },
      "cql": {
        "cost_per_order": 5.719249772017055,
        "success_rate": 0.7539078549093826,
        "ontime_rate": 0.8724450771126113,
        "mean_delivery_time": 40.83008040569846,
        "energy_per_order": 0.30230254420338176,
        "depletion_events": 0.6666666666666666,
        "idle_pct": 0.02882399590437044,
        "charger_utilization": 0.15808971932456525,
        "n_delivered": 102.66666666666667,
        "n_dropped": 33.666666666666664,
        "episode_return": 890.3986666666668
      }
    }
  },
  "aggregate": {
    "bc": {
      "cost_per_order_mean": 18.453736971699296,
      "cost_per_order_std": 3.786478599090475,
      "success_rate_mean": 0.5419706555993467,
      "success_rate_std": 0.05799631511089007
    },
    "naive": {
      "cost_per_order_mean": 13.958308138674608,
      "cost_per_order_std": 2.720385277808668,
      "success_rate_mean": 0.5371464348884799,
      "success_rate_std": 0.05497254301833252
    },
    "cql": {
      "cost_per_order_mean": 7.0553800269647615,
      "cost_per_order_std": 1.1023540868571715,
      "success_rate_mean": 0.7168741642426832,
      "success_rate_std": 0.030155635956046152
    }
  },
  "selected_seed": 2,
  "results": {
    "bc": {
      "cost_per_order": 13.377462191192274,
      "success_rate": 0.6237132210124419,
      "ontime_rate": 0.8965628356605801,
      "mean_delivery_time": 36.891836734693875,
      "energy_per_order": 0.28880125313283916,
      "depletion_events": 4.333333333333333,
      "idle_pct": 0.06424502617937057,
      "charger_utilization": 0.11709357487523205,
      "n_delivered": 80.66666666666667,
      "n_dropped": 46.0,
      "episode_return": 227.92400000000006
    },
    "naive": {
      "cost_per_order": 13.633853509107645,
      "success_rate": 0.5319913970677329,
      "ontime_rate": 0.8765870378203449,
      "mean_delivery_time": 39.641060889882574,
      "energy_per_order": 0.3158760885182847,
      "depletion_events": 0.0,
      "idle_pct": 0.10822786913816468,
      "charger_utilization": 0.22224813525288603,
      "n_delivered": 73.66666666666667,
      "n_dropped": 64.66666666666667,
      "episode_return": 57.39366666666661
    },
    "cql": {
      "cost_per_order": 5.719249772017055,
      "success_rate": 0.7539078549093826,
      "ontime_rate": 0.8724450771126113,
      "mean_delivery_time": 40.83008040569846,
      "energy_per_order": 0.30230254420338176,
      "depletion_events": 0.6666666666666666,
      "idle_pct": 0.02882399590437044,
      "charger_utilization": 0.15808971932456525,
      "n_delivered": 102.66666666666667,
      "n_dropped": 33.666666666666664,
      "episode_return": 890.3986666666668
    }
  },
  "training_seeds": [
    0,
    1,
    2
  ],
  "eval_seeds": [
    0,
    1,
    2
  ]
}